timestamp,unit_id,unit_type,empire_or_resistance,location_x,location_y,destination_x,destination_y,homeworld
2025-03-17 14:53:30,1,at-at,resistance,4,10,9,7,Skako
2025-03-17 14:53:29,2,tie_silencer,resistance,5,2,10,6,Alderaan
2025-03-17 14:53:28,3,stormtrooper,empire,1,1,3,5,Toydaria
2025-03-17 14:53:27,4,resistance_soldier,resistance,4,8,6,9,Shili
2025-03-17 14:53:26,5,resistance_soldier,empire,7,9,3,9,Glee Anselm
2025-03-17 14:53:25,6,resistance_soldier,resistance,1,7,4,1,Tholoth
2025-03-17 14:53:24,7,resistance_soldier,empire,3,2,5,9,Zolan
2025-03-17 14:53:23,8,at-st,resistance,1,4,2,9,Sullust
2025-03-17 14:53:22,9,resistance_soldier,resistance,8,1,3,8,Mon Cala
2025-03-17 14:53:21,10,unknown,empire,6,5,4,2,Muunilinst
2025-03-17 14:53:20,11,unknown,empire,2,3,6,10,Skako
2025-03-17 14:53:19,12,resistance_soldier,resistance,2,4,6,10,Glee Anselm
2025-03-17 14:53:18,13,tie_silencer,resistance,1,7,3,5,Iridonia
2025-03-17 14:53:17,14,tie_fighter,empire,6,10,10,4,Toydaria
2025-03-17 14:53:16,15,at-at,resistance,4,3,6,8,Ryloth
2025-03-17 14:53:15,16,at-st,resistance,6,8,8,6,Rodia
2025-03-17 14:53:14,17,unknown,empire,2,2,1,9,Tund
2025-03-17 14:53:13,18,tie_silencer,empire,4,7,2,4,Tatooine
2025-03-17 14:53:12,19,stormtrooper,resistance,3,8,4,5,Champala
2025-03-17 14:53:11,20,resistance_soldier,empire,3,10,3,4,Malastare
2025-03-17 14:53:10,21,x-wing,empire,10,10,9,6,Eriadu
2025-03-17 14:53:09,22,at-st,resistance,6,2,1,6,Chandrila
2025-03-17 14:53:08,23,tie_fighter,empire,4,6,8,3,Dagobah
2025-03-17 14:53:07,24,at-st,resistance,9,7,8,2,Dorin
2025-03-17 14:53:06,25,x-wing,resistance,4,4,6,5,Zolan
2025-03-17 14:53:05,26,x-wing,resistance,8,8,10,5,Kalee
2025-03-17 14:53:04,27,resistance_soldier,empire,7,9,2,8,Stewjon
2025-03-17 14:53:03,28,resistance_soldier,resistance,3,5,7,5,Alderaan
2025-03-17 14:53:02,29,x-wing,empire,3,5,10,9,Malastare
2025-03-17 14:53:01,30,tie_silencer,empire,6,4,8,6,Toydaria
2025-03-17 14:53:00,31,tie_silencer,resistance,5,1,5,1,Naboo
2025-03-17 14:52:59,32,stormtrooper,resistance,2,2,9,5,Dagobah
2025-03-17 14:52:58,33,resistance_soldier,empire,2,1,10,8,Concord Dawn
2025-03-17 14:52:57,34,stormtrooper,empire,5,4,3,7,Bestine IV
2025-03-17 14:52:56,35,unknown,empire,6,6,5,5,Stewjon
2025-03-17 14:52:55,36,tie_fighter,resistance,3,10,6,10,Naboo
2025-03-17 14:52:54,37,x-wing,empire,7,9,10,10,Naboo
2025-03-17 14:52:53,38,tie_fighter,empire,1,6,10,5,Skako
2025-03-17 14:52:52,39,stormtrooper,empire,1,7,4,1,Tund
2025-03-17 14:52:51,40,tie_silencer,empire,3,5,5,9,Stewjon
2025-03-17 14:52:50,41,tie_fighter,empire,5,10,4,10,Glee Anselm
2025-03-17 14:52:49,42,at-st,resistance,4,3,1,3,Chandrila
2025-03-17 14:52:48,43,x-wing,resistance,8,5,10,5,Kashyyyk
2025-03-17 14:52:47,44,unknown,empire,7,1,5,2,Muunilinst
2025-03-17 14:52:46,45,tie_fighter,empire,10,1,8,3,Dagobah
2025-03-17 14:52:45,46,unknown,resistance,7,5,9,1,Concord Dawn
2025-03-17 14:52:44,47,tie_silencer,empire,10,6,2,4,Tholoth
2025-03-17 14:52:43,48,x-wing,resistance,6,9,5,2,Bestine IV
2025-03-17 14:52:42,49,tie_fighter,resistance,6,1,7,1,Kashyyyk
2025-03-17 14:52:41,50,tie_fighter,empire,10,10,1,5,Haruun Kal
2025-03-17 14:52:40,51,tie_silencer,resistance,1,1,6,1,Iktotch
2025-03-17 14:52:39,52,stormtrooper,empire,9,7,8,5,Concord Dawn
2025-03-17 14:52:38,53,stormtrooper,resistance,4,8,6,8,Iktotch
2025-03-17 14:52:37,54,unknown,empire,8,8,4,3,Trandosha
2025-03-17 14:52:36,55,resistance_soldier,resistance,1,4,2,3,Iktotch
2025-03-17 14:52:35,56,unknown,resistance,6,2,3,1,Ryloth
2025-03-17 14:52:34,57,resistance_soldier,empire,4,6,5,1,Zolan
2025-03-17 14:52:33,58,at-st,empire,10,9,7,10,Aleen Minor
2025-03-17 14:52:32,59,stormtrooper,resistance,1,6,1,6,Iktotch
2025-03-17 14:52:31,60,tie_silencer,empire,5,2,3,4,Eriadu
2025-03-17 14:52:30,61,unknown,empire,2,3,9,5,Kalee
2025-03-17 14:52:29,62,unknown,empire,3,9,2,7,Mirial
2025-03-17 14:52:28,63,at-st,empire,8,1,8,8,Corellia
2025-03-17 14:52:27,64,unknown,empire,10,8,5,8,Haruun Kal
2025-03-17 14:52:26,65,tie_silencer,empire,5,1,2,5,Tund
2025-03-17 14:52:25,66,at-st,empire,10,8,9,9,Corellia
2025-03-17 14:52:24,67,at-st,empire,4,10,5,5,Ojom
2025-03-17 14:52:23,68,stormtrooper,empire,2,5,1,7,Umbara
2025-03-17 14:52:22,69,tie_fighter,empire,10,9,3,7,Toydaria
2025-03-17 14:52:21,70,resistance_soldier,empire,3,8,10,2,Malastare
2025-03-17 14:52:20,71,unknown,empire,10,8,5,1,Eriadu
2025-03-17 14:52:19,72,unknown,resistance,9,2,8,1,Mon Cala
2025-03-17 14:52:18,73,resistance_soldier,empire,4,1,9,8,Tholoth
2025-03-17 14:52:17,74,stormtrooper,resistance,8,3,7,3,Sullust
2025-03-17 14:52:16,75,tie_silencer,empire,4,3,4,10,Corellia
2025-03-17 14:52:15,76,resistance_soldier,empire,4,4,3,7,Umbara
2025-03-17 14:52:14,77,resistance_soldier,empire,3,4,1,10,Toydaria
2025-03-17 14:52:13,78,tie_silencer,empire,6,9,8,8,Trandosha
2025-03-17 14:52:12,79,at-at,resistance,4,6,3,2,Shili
2025-03-17 14:52:11,80,tie_silencer,resistance,6,4,7,1,Dagobah
2025-03-17 14:52:10,81,tie_silencer,empire,8,8,4,3,Stewjon
2025-03-17 14:52:09,82,at-at,resistance,9,2,5,10,Dathomir
2025-03-17 14:52:08,83,x-wing,empire,4,10,6,7,Tund
2025-03-17 14:52:07,84,tie_silencer,empire,4,8,7,6,Mirial
2025-03-17 14:52:06,85,tie_fighter,empire,9,5,5,10,Tund
2025-03-17 14:52:05,86,x-wing,resistance,8,10,8,1,Toydaria
2025-03-17 14:52:04,87,stormtrooper,empire,9,10,4,6,Tatooine
2025-03-17 14:52:03,88,at-at,empire,2,8,3,4,Mirial
2025-03-17 14:52:02,89,x-wing,resistance,4,2,3,8,Socorro
2025-03-17 14:52:01,90,resistance_soldier,empire,8,10,7,8,Cerea
2025-03-17 14:52:00,91,resistance_soldier,resistance,8,2,10,2,Dorin
2025-03-17 14:51:59,92,tie_fighter,empire,3,6,8,9,Ojom
2025-03-17 14:51:58,93,unknown,empire,1,10,7,10,Zolan
2025-03-17 14:51:57,94,tie_silencer,empire,4,1,8,8,Tund
2025-03-17 14:51:56,95,resistance_soldier,resistance,9,8,3,9,Glee Anselm
2025-03-17 14:51:55,96,stormtrooper,empire,5,5,1,6,Tund
2025-03-17 14:51:54,97,resistance_soldier,resistance,2,6,4,9,Quermia
2025-03-17 14:51:53,98,resistance_soldier,empire,1,2,3,4,Bestine IV
2025-03-17 14:51:52,99,at-st,resistance,6,9,2,4,Sullust
2025-03-17 14:51:51,100,at-at,resistance,8,7,7,5,Quermia
2025-03-17 14:51:50,101,stormtrooper,empire,2,5,8,1,Champala
2025-03-17 14:51:49,102,at-at,empire,4,8,6,3,Ojom
2025-03-17 14:51:48,103,unknown,resistance,9,8,10,5,Haruun Kal
2025-03-17 14:51:47,104,tie_silencer,resistance,1,10,4,5,Bestine IV
2025-03-17 14:51:46,105,at-st,empire,1,7,8,7,Quermia
2025-03-17 14:51:45,106,tie_silencer,resistance,8,3,9,3,Sullust
2025-03-17 14:51:44,107,at-at,resistance,9,4,6,3,Iridonia
2025-03-17 14:51:43,108,x-wing,resistance,2,4,7,10,Umbara
2025-03-17 14:51:42,109,at-at,resistance,2,6,4,1,Mon Cala
2025-03-17 14:51:41,110,x-wing,resistance,5,7,6,10,Iridonia
2025-03-17 14:51:40,111,unknown,resistance,10,2,2,7,Aleen Minor
2025-03-17 14:51:39,112,stormtrooper,resistance,10,7,6,6,Mirial
2025-03-17 14:51:38,113,tie_fighter,empire,8,7,5,7,Kalee
2025-03-17 14:51:37,114,tie_fighter,resistance,5,5,2,8,Naboo
2025-03-17 14:51:36,115,stormtrooper,empire,1,10,10,9,Tatooine
2025-03-17 14:51:35,116,at-at,resistance,9,6,10,2,Bestine IV
2025-03-17 14:51:34,117,x-wing,empire,7,5,7,4,Mon Cala
2025-03-17 14:51:33,118,resistance_soldier,empire,7,2,4,10,Aleen Minor
2025-03-17 14:51:32,119,resistance_soldier,empire,7,8,8,10,Toydaria
2025-03-17 14:51:31,120,tie_fighter,resistance,3,8,2,7,Sullust
2025-03-17 14:51:30,121,tie_fighter,empire,6,4,3,10,Mirial
2025-03-17 14:51:29,122,stormtrooper,resistance,5,2,9,9,Concord Dawn
2025-03-17 14:51:28,123,at-at,empire,5,4,8,4,Tholoth
2025-03-17 14:51:27,124,x-wing,resistance,3,5,3,6,Ryloth
2025-03-17 14:51:26,125,x-wing,resistance,2,8,3,4,Aleen Minor
2025-03-17 14:51:25,126,x-wing,resistance,3,9,7,10,Dathomir
2025-03-17 14:51:24,127,at-at,resistance,1,6,3,6,Chandrila
2025-03-17 14:51:23,128,at-at,resistance,7,4,5,8,Serenno
2025-03-17 14:51:22,129,x-wing,resistance,10,9,3,8,Kashyyyk
2025-03-17 14:51:21,130,tie_fighter,resistance,10,9,6,4,Aleen Minor
2025-03-17 14:51:20,131,x-wing,resistance,3,10,6,10,Tatooine
2025-03-17 14:51:19,132,x-wing,empire,10,2,3,6,Toydaria
2025-03-17 14:51:18,133,stormtrooper,resistance,2,9,7,2,Tholoth
2025-03-17 14:51:17,134,at-at,resistance,8,10,9,6,Sullust
2025-03-17 14:51:16,135,unknown,empire,8,1,5,9,Tund
2025-03-17 14:51:15,136,at-st,empire,1,7,7,6,Kashyyyk
2025-03-17 14:51:14,137,tie_fighter,resistance,10,6,7,6,Concord Dawn
2025-03-17 14:51:13,138,tie_fighter,empire,2,9,10,7,Muunilinst
2025-03-17 14:51:12,139,tie_silencer,empire,5,4,6,9,Trandosha
2025-03-17 14:51:11,140,tie_silencer,empire,3,7,7,8,Tatooine
2025-03-17 14:51:10,141,at-at,empire,3,2,4,2,Tholoth
2025-03-17 14:51:09,142,tie_fighter,empire,7,9,8,1,Corellia
2025-03-17 14:51:08,143,resistance_soldier,empire,9,1,3,10,Serenno
2025-03-17 14:51:07,144,tie_silencer,empire,3,9,4,2,Umbara
2025-03-17 14:51:06,145,at-at,empire,8,5,7,8,Dagobah
2025-03-17 14:51:05,146,tie_fighter,empire,7,2,5,2,Tund
2025-03-17 14:51:04,147,resistance_soldier,empire,1,1,9,10,Dagobah
2025-03-17 14:51:03,148,unknown,resistance,7,1,1,6,Sullust
2025-03-17 14:51:02,149,x-wing,empire,3,5,5,6,Kalee
2025-03-17 14:51:01,150,at-st,empire,4,3,10,9,Serenno
2025-03-17 14:51:00,151,resistance_soldier,resistance,8,7,6,9,Ryloth
2025-03-17 14:50:59,152,at-at,resistance,4,3,6,6,Kashyyyk
2025-03-17 14:50:58,153,tie_silencer,empire,3,5,3,5,Stewjon
2025-03-17 14:50:57,154,x-wing,resistance,10,4,5,4,Troiken
2025-03-17 14:50:56,155,at-st,empire,1,6,2,4,Toydaria
2025-03-17 14:50:55,156,resistance_soldier,empire,4,3,9,5,Vulpter
2025-03-17 14:50:54,157,at-st,resistance,7,3,6,7,Cerea
2025-03-17 14:50:53,158,stormtrooper,empire,5,4,10,7,Muunilinst
2025-03-17 14:50:52,159,at-at,resistance,5,7,7,7,Sullust
2025-03-17 14:50:51,160,at-at,resistance,3,6,10,2,Iktotch
2025-03-17 14:50:50,161,tie_silencer,empire,9,10,3,7,Glee Anselm
2025-03-17 14:50:49,162,stormtrooper,empire,1,1,6,9,Tholoth
2025-03-17 14:50:48,163,at-st,resistance,8,9,6,1,Ojom
2025-03-17 14:50:47,164,tie_fighter,resistance,5,8,6,7,Rodia
2025-03-17 14:50:46,165,at-st,empire,8,9,4,6,Tholoth
2025-03-17 14:50:45,166,unknown,resistance,6,9,6,8,Malastare
2025-03-17 14:50:44,167,unknown,empire,7,10,5,8,Serenno
2025-03-17 14:50:43,168,at-at,resistance,2,1,4,3,Haruun Kal
2025-03-17 14:50:42,169,at-at,empire,9,3,2,3,Corellia
2025-03-17 14:50:41,170,x-wing,empire,6,5,5,1,Glee Anselm
2025-03-17 14:50:40,171,at-at,empire,2,3,4,7,Toydaria
2025-03-17 14:50:39,172,resistance_soldier,empire,3,2,2,5,Haruun Kal
2025-03-17 14:50:38,173,tie_fighter,empire,5,7,4,2,Dagobah
2025-03-17 14:50:37,174,tie_fighter,empire,6,7,6,4,Mirial
2025-03-17 14:50:36,175,tie_silencer,resistance,9,10,3,5,Tund
2025-03-17 14:50:35,176,at-st,resistance,4,9,4,10,Naboo
2025-03-17 14:50:34,177,unknown,resistance,10,1,8,8,Kalee
2025-03-17 14:50:33,178,resistance_soldier,empire,1,6,6,10,Toydaria
2025-03-17 14:50:32,179,at-at,resistance,9,10,4,10,Alderaan
2025-03-17 14:50:31,180,stormtrooper,resistance,9,10,3,1,Glee Anselm
2025-03-17 14:50:30,181,tie_fighter,empire,4,1,6,6,Tatooine
2025-03-17 14:50:29,182,resistance_soldier,empire,4,7,3,1,Mon Cala
2025-03-17 14:50:28,183,at-at,resistance,8,9,5,4,Dathomir
2025-03-17 14:50:27,184,x-wing,resistance,6,3,2,9,Bestine IV
2025-03-17 14:50:26,185,tie_silencer,resistance,3,5,4,9,Kashyyyk
2025-03-17 14:50:25,186,resistance_soldier,empire,1,7,1,8,Socorro
2025-03-17 14:50:24,187,at-st,empire,2,6,3,10,Skako
2025-03-17 14:50:23,188,at-at,resistance,4,2,4,6,Sullust
2025-03-17 14:50:22,189,at-st,resistance,6,6,8,6,Sullust
2025-03-17 14:50:21,190,at-at,resistance,4,10,2,1,Zolan
2025-03-17 14:50:20,191,tie_silencer,empire,7,10,7,7,Cerea
2025-03-17 14:50:19,192,tie_silencer,empire,1,5,4,2,Zolan
2025-03-17 14:50:18,193,x-wing,empire,9,7,10,10,Corellia
2025-03-17 14:50:17,194,tie_fighter,empire,2,5,1,8,Toydaria
2025-03-17 14:50:16,195,x-wing,resistance,4,3,4,9,Shili
2025-03-17 14:50:15,196,unknown,resistance,9,7,10,5,Tholoth
2025-03-17 14:50:14,197,stormtrooper,empire,7,6,6,8,Skako
2025-03-17 14:50:13,198,at-st,resistance,7,2,1,6,Quermia
2025-03-17 14:50:12,199,tie_silencer,empire,8,10,2,3,Malastare
2025-03-17 14:50:11,200,at-st,resistance,7,6,6,2,Tatooine
2025-03-17 14:50:10,201,x-wing,empire,3,6,10,8,Vulpter
2025-03-17 14:50:09,202,unknown,resistance,5,6,7,10,Champala
2025-03-17 14:50:08,203,unknown,resistance,6,7,1,9,Cerea
2025-03-17 14:50:07,204,at-st,resistance,8,9,10,6,Bestine IV
2025-03-17 14:50:06,205,x-wing,resistance,6,6,10,7,Iridonia
2025-03-17 14:50:05,206,stormtrooper,empire,5,7,5,6,Dorin
2025-03-17 14:50:04,207,tie_fighter,resistance,10,10,9,5,Rodia
2025-03-17 14:50:03,208,at-st,empire,4,10,2,5,Concord Dawn
2025-03-17 14:50:02,209,resistance_soldier,empire,2,8,8,10,Stewjon
2025-03-17 14:50:01,210,stormtrooper,empire,3,1,6,3,Muunilinst
2025-03-17 14:50:00,211,tie_fighter,resistance,1,10,4,5,Mon Cala
2025-03-17 14:49:59,212,tie_fighter,resistance,2,7,1,5,Umbara
2025-03-17 14:49:58,213,at-st,resistance,1,9,6,10,Zolan
2025-03-17 14:49:57,214,tie_fighter,empire,3,8,2,4,Chandrila
2025-03-17 14:49:56,215,tie_fighter,resistance,10,4,9,9,Iktotch
2025-03-17 14:49:55,216,at-st,empire,3,8,10,5,Troiken
2025-03-17 14:49:54,217,at-at,resistance,1,2,8,2,Trandosha
2025-03-17 14:49:53,218,unknown,empire,3,7,6,9,Dorin
2025-03-17 14:49:52,219,resistance_soldier,resistance,4,6,4,9,Shili
2025-03-17 14:49:51,220,at-st,empire,9,4,1,9,Concord Dawn
2025-03-17 14:49:50,221,at-st,resistance,3,6,2,8,Vulpter
2025-03-17 14:49:49,222,at-at,resistance,2,10,5,5,Chandrila
2025-03-17 14:49:48,223,resistance_soldier,resistance,1,9,4,4,Socorro
2025-03-17 14:49:47,224,stormtrooper,resistance,1,4,10,3,Sullust
2025-03-17 14:49:46,225,stormtrooper,empire,9,9,6,6,Stewjon
2025-03-17 14:49:45,226,stormtrooper,empire,10,9,4,4,Naboo
2025-03-17 14:49:44,227,resistance_soldier,resistance,10,6,5,9,Ojom
2025-03-17 14:49:43,228,stormtrooper,empire,8,2,4,1,Dagobah
2025-03-17 14:49:42,229,stormtrooper,resistance,3,9,8,7,Dorin
2025-03-17 14:49:41,230,at-at,empire,3,1,3,10,Iktotch
2025-03-17 14:49:40,231,stormtrooper,empire,3,6,9,6,Concord Dawn
2025-03-17 14:49:39,232,resistance_soldier,resistance,6,10,10,4,Umbara
2025-03-17 14:49:38,233,x-wing,empire,1,5,3,9,Serenno
2025-03-17 14:49:37,234,tie_fighter,resistance,10,6,6,1,Naboo
2025-03-17 14:49:36,235,tie_fighter,resistance,1,2,6,6,Zolan
2025-03-17 14:49:35,236,x-wing,resistance,9,5,1,2,Mirial
2025-03-17 14:49:34,237,tie_fighter,resistance,9,8,5,9,Dathomir
2025-03-17 14:49:33,238,tie_silencer,resistance,1,4,5,3,Rodia
2025-03-17 14:49:32,239,unknown,resistance,5,2,8,1,Umbara
2025-03-17 14:49:31,240,tie_fighter,resistance,1,3,8,4,Dagobah
2025-03-17 14:49:30,241,resistance_soldier,resistance,8,9,1,4,Naboo
2025-03-17 14:49:29,242,unknown,resistance,8,8,1,4,Troiken
2025-03-17 14:49:28,243,at-at,empire,10,10,6,5,Tund
2025-03-17 14:49:27,244,x-wing,empire,6,9,5,3,Concord Dawn
2025-03-17 14:49:26,245,tie_fighter,empire,3,7,9,2,Bestine IV
2025-03-17 14:49:25,246,resistance_soldier,empire,6,7,9,3,Umbara
2025-03-17 14:49:24,247,unknown,resistance,8,4,5,8,Naboo
2025-03-17 14:49:23,248,at-st,empire,8,5,1,6,Toydaria
2025-03-17 14:49:22,249,at-st,empire,7,10,6,6,Quermia
2025-03-17 14:49:21,250,stormtrooper,resistance,2,8,3,5,Zolan
2025-03-17 14:49:20,251,tie_fighter,empire,10,9,8,10,Quermia
2025-03-17 14:49:19,252,tie_silencer,resistance,3,5,7,10,Ojom
2025-03-17 14:49:18,253,x-wing,resistance,9,9,2,7,Trandosha
2025-03-17 14:49:17,254,unknown,empire,3,6,5,4,Ojom
2025-03-17 14:49:16,255,resistance_soldier,resistance,5,5,7,10,Quermia
2025-03-17 14:49:15,256,stormtrooper,empire,7,4,9,5,Naboo
2025-03-17 14:49:14,257,x-wing,empire,4,6,4,1,Naboo
2025-03-17 14:49:13,258,stormtrooper,resistance,6,7,3,7,Sullust
2025-03-17 14:49:12,259,resistance_soldier,resistance,1,2,3,5,Troiken
2025-03-17 14:49:11,260,stormtrooper,resistance,4,3,2,9,Glee Anselm
2025-03-17 14:49:10,261,x-wing,empire,10,8,4,5,Trandosha
2025-03-17 14:49:09,262,resistance_soldier,resistance,1,8,1,10,Haruun Kal
2025-03-17 14:49:08,263,x-wing,empire,8,9,2,3,Eriadu
2025-03-17 14:49:07,264,tie_fighter,resistance,6,5,6,5,Mirial
2025-03-17 14:49:06,265,resistance_soldier,resistance,7,2,4,9,Shili
2025-03-17 14:49:05,266,stormtrooper,resistance,8,1,1,7,Kalee
2025-03-17 14:49:04,267,tie_fighter,empire,2,2,7,3,Bestine IV
2025-03-17 14:49:03,268,tie_fighter,resistance,4,3,5,4,Dathomir
2025-03-17 14:49:02,269,tie_fighter,resistance,10,4,10,8,Tholoth
2025-03-17 14:49:01,270,at-st,resistance,7,9,10,1,Skako
2025-03-17 14:49:00,271,x-wing,resistance,3,9,4,1,Vulpter
2025-03-17 14:48:59,272,x-wing,resistance,3,6,3,9,Corellia
2025-03-17 14:48:58,273,unknown,resistance,8,8,5,10,Socorro
2025-03-17 14:48:57,274,tie_silencer,resistance,2,10,9,5,Alderaan
2025-03-17 14:48:56,275,stormtrooper,resistance,5,2,7,6,Mon Cala
2025-03-17 14:48:55,276,tie_fighter,empire,3,3,3,6,Tund
2025-03-17 14:48:54,277,stormtrooper,resistance,9,10,3,4,Shili
2025-03-17 14:48:53,278,x-wing,empire,3,8,6,5,Vulpter
2025-03-17 14:48:52,279,at-st,empire,1,8,3,10,Serenno
2025-03-17 14:48:51,280,at-at,resistance,8,10,6,6,Malastare
2025-03-17 14:48:50,281,resistance_soldier,resistance,6,6,7,4,Aleen Minor
2025-03-17 14:48:49,282,at-at,empire,10,8,3,1,Champala
2025-03-17 14:48:48,283,stormtrooper,resistance,4,1,6,4,Tholoth
2025-03-17 14:48:47,284,stormtrooper,resistance,4,4,1,9,Zolan
2025-03-17 14:48:46,285,resistance_soldier,resistance,3,7,4,3,Troiken
2025-03-17 14:48:45,286,unknown,resistance,5,2,7,7,Dathomir
2025-03-17 14:48:44,287,at-at,empire,8,5,1,3,Kalee
2025-03-17 14:48:43,288,at-at,empire,7,9,4,1,Aleen Minor
2025-03-17 14:48:42,289,tie_silencer,empire,9,4,9,6,Toydaria
2025-03-17 14:48:41,290,at-st,empire,2,8,5,10,Quermia
2025-03-17 14:48:40,291,at-at,resistance,1,6,2,8,Troiken
2025-03-17 14:48:39,292,at-st,resistance,8,7,3,4,Ryloth
2025-03-17 14:48:38,293,unknown,empire,1,4,1,5,Chandrila
2025-03-17 14:48:37,294,at-at,resistance,9,6,6,6,Malastare
2025-03-17 14:48:36,295,at-at,empire,10,5,1,4,Ojom
2025-03-17 14:48:35,296,resistance_soldier,empire,2,3,3,3,Concord Dawn
2025-03-17 14:48:34,297,tie_fighter,empire,6,2,8,5,Chandrila
2025-03-17 14:48:33,298,resistance_soldier,resistance,5,4,9,9,Alderaan
2025-03-17 14:48:32,299,tie_silencer,empire,4,6,5,4,Socorro
2025-03-17 14:48:31,300,x-wing,resistance,4,3,2,1,Naboo
2025-03-17 14:48:30,301,tie_silencer,resistance,8,5,2,9,Troiken
2025-03-17 14:48:29,302,at-at,resistance,10,7,5,2,Kashyyyk
2025-03-17 14:48:28,303,unknown,empire,6,2,1,10,Bestine IV
2025-03-17 14:48:27,304,x-wing,empire,4,3,7,5,Skako
2025-03-17 14:48:26,305,at-at,empire,5,8,8,1,Troiken
2025-03-17 14:48:25,306,unknown,resistance,4,2,1,10,Concord Dawn
2025-03-17 14:48:24,307,stormtrooper,empire,7,4,1,3,Serenno
2025-03-17 14:48:23,308,at-at,resistance,10,2,5,10,Mirial
2025-03-17 14:48:22,309,stormtrooper,empire,9,3,9,5,Tund
2025-03-17 14:48:21,310,x-wing,resistance,4,6,7,6,Chandrila
2025-03-17 14:48:20,311,x-wing,resistance,3,8,3,9,Sullust
2025-03-17 14:48:19,312,at-st,empire,7,7,3,3,Tund
2025-03-17 14:48:18,313,stormtrooper,resistance,3,9,1,8,Naboo
2025-03-17 14:48:17,314,at-at,resistance,1,2,10,1,Eriadu
2025-03-17 14:48:16,315,unknown,resistance,8,2,4,2,Mon Cala
2025-03-17 14:48:15,316,resistance_soldier,resistance,5,7,4,7,Aleen Minor
2025-03-17 14:48:14,317,unknown,resistance,4,10,10,3,Cerea
2025-03-17 14:48:13,318,tie_silencer,resistance,9,10,3,6,Ojom
2025-03-17 14:48:12,319,at-st,resistance,1,5,7,10,Cerea
2025-03-17 14:48:11,320,at-at,resistance,5,10,9,3,Ojom
2025-03-17 14:48:10,321,stormtrooper,empire,10,2,10,5,Quermia
2025-03-17 14:48:09,322,resistance_soldier,empire,7,4,1,2,Muunilinst
2025-03-17 14:48:08,323,tie_silencer,empire,2,1,9,7,Kalee
2025-03-17 14:48:07,324,stormtrooper,resistance,2,2,3,4,Champala
2025-03-17 14:48:06,325,at-at,resistance,3,10,3,3,Sullust
2025-03-17 14:48:05,326,resistance_soldier,empire,4,8,10,3,Dagobah
2025-03-17 14:48:04,327,at-st,resistance,9,7,8,3,Dathomir
2025-03-17 14:48:03,328,tie_silencer,empire,7,9,3,2,Toydaria
2025-03-17 14:48:02,329,resistance_soldier,empire,2,9,2,3,Socorro
2025-03-17 14:48:01,330,tie_silencer,resistance,8,1,3,10,Haruun Kal
2025-03-17 14:48:00,331,stormtrooper,resistance,7,10,9,2,Mirial
2025-03-17 14:47:59,332,at-st,empire,1,5,10,6,Zolan
2025-03-17 14:47:58,333,unknown,empire,6,3,7,8,Eriadu
2025-03-17 14:47:57,334,resistance_soldier,empire,8,4,3,8,Iridonia
2025-03-17 14:47:56,335,tie_fighter,empire,8,9,2,5,Malastare
2025-03-17 14:47:55,336,x-wing,resistance,7,3,4,8,Rodia
2025-03-17 14:47:54,337,resistance_soldier,empire,10,4,5,1,Iktotch
2025-03-17 14:47:53,338,x-wing,empire,1,4,10,3,Tund
2025-03-17 14:47:52,339,at-at,empire,1,7,10,4,Corellia
2025-03-17 14:47:51,340,at-st,empire,3,6,7,9,Tund
2025-03-17 14:47:50,341,resistance_soldier,empire,7,9,6,9,Iktotch
2025-03-17 14:47:49,342,at-st,resistance,7,6,7,2,Malastare
2025-03-17 14:47:48,343,at-at,resistance,6,7,2,10,Mon Cala
2025-03-17 14:47:47,344,x-wing,resistance,9,7,4,8,Shili
2025-03-17 14:47:46,345,x-wing,empire,6,8,8,10,Eriadu
2025-03-17 14:47:45,346,at-st,empire,4,10,7,4,Tatooine
2025-03-17 14:47:44,347,x-wing,resistance,8,2,6,7,Chandrila
2025-03-17 14:47:43,348,at-at,empire,1,3,2,9,Tatooine
2025-03-17 14:47:42,349,at-at,resistance,6,4,3,1,Bestine IV
2025-03-17 14:47:41,350,x-wing,resistance,1,1,6,7,Dathomir
2025-03-17 14:47:40,351,stormtrooper,empire,5,4,10,4,Toydaria
2025-03-17 14:47:39,352,tie_fighter,empire,1,5,8,1,Skako
2025-03-17 14:47:38,353,at-st,empire,10,6,9,4,Aleen Minor
2025-03-17 14:47:37,354,x-wing,empire,9,10,7,2,Champala
2025-03-17 14:47:36,355,x-wing,empire,9,10,3,6,Glee Anselm
2025-03-17 14:47:35,356,tie_silencer,resistance,8,6,8,5,Aleen Minor
2025-03-17 14:47:34,357,resistance_soldier,empire,3,1,8,10,Ryloth
2025-03-17 14:47:33,358,at-at,empire,1,6,2,8,Skako
2025-03-17 14:47:32,359,tie_fighter,resistance,2,8,6,1,Kashyyyk
2025-03-17 14:47:31,360,at-st,empire,9,1,6,2,Serenno
2025-03-17 14:47:30,361,stormtrooper,resistance,3,9,5,9,Naboo
2025-03-17 14:47:29,362,tie_silencer,resistance,2,1,6,9,Chandrila
2025-03-17 14:47:28,363,tie_silencer,resistance,3,6,5,5,Cerea
2025-03-17 14:47:27,364,at-at,resistance,4,1,1,5,Zolan
2025-03-17 14:47:26,365,stormtrooper,empire,6,1,9,1,Cerea
2025-03-17 14:47:25,366,tie_fighter,resistance,1,9,10,5,Mirial
2025-03-17 14:47:24,367,tie_fighter,resistance,9,5,4,2,Sullust
2025-03-17 14:47:23,368,unknown,empire,10,10,8,7,Umbara
2025-03-17 14:47:22,369,tie_silencer,empire,2,4,5,3,Serenno
2025-03-17 14:47:21,370,unknown,empire,6,9,9,3,Vulpter
2025-03-17 14:47:20,371,tie_fighter,resistance,2,1,1,10,Naboo
2025-03-17 14:47:19,372,tie_silencer,resistance,9,9,7,3,Rodia
2025-03-17 14:47:18,373,x-wing,resistance,10,7,3,6,Ryloth
2025-03-17 14:47:17,374,at-st,resistance,8,7,7,2,Zolan
2025-03-17 14:47:16,375,tie_fighter,resistance,10,3,7,2,Iridonia
2025-03-17 14:47:15,376,resistance_soldier,resistance,4,10,3,5,Kalee
2025-03-17 14:47:14,377,tie_fighter,empire,1,6,2,10,Skako
2025-03-17 14:47:13,378,tie_silencer,empire,9,4,9,7,Tholoth
2025-03-17 14:47:12,379,tie_silencer,empire,10,7,5,4,Aleen Minor
2025-03-17 14:47:11,380,unknown,resistance,10,2,3,8,Chandrila
2025-03-17 14:47:10,381,unknown,resistance,9,2,4,7,Chandrila
2025-03-17 14:47:09,382,resistance_soldier,empire,6,9,6,5,Umbara
2025-03-17 14:47:08,383,tie_silencer,empire,5,10,7,4,Aleen Minor
2025-03-17 14:47:07,384,at-st,resistance,6,7,4,7,Concord Dawn
2025-03-17 14:47:06,385,at-at,resistance,4,7,9,10,Tatooine
2025-03-17 14:47:05,386,resistance_soldier,resistance,7,7,7,5,Naboo
2025-03-17 14:47:04,387,unknown,resistance,10,8,5,5,Tholoth
2025-03-17 14:47:03,388,tie_fighter,empire,9,9,1,2,Aleen Minor
2025-03-17 14:47:02,389,x-wing,resistance,7,10,8,6,Ryloth
2025-03-17 14:47:01,390,stormtrooper,empire,9,5,2,9,Toydaria
2025-03-17 14:47:00,391,at-at,empire,3,9,7,6,Cerea
2025-03-17 14:46:59,392,tie_fighter,resistance,1,6,6,7,Shili
2025-03-17 14:46:58,393,at-at,resistance,1,9,6,9,Iktotch
2025-03-17 14:46:57,394,x-wing,empire,1,1,7,4,Naboo
2025-03-17 14:46:56,395,x-wing,empire,9,10,7,9,Eriadu
2025-03-17 14:46:55,396,unknown,empire,4,2,2,1,Kalee
2025-03-17 14:46:54,397,tie_silencer,empire,2,2,7,10,Quermia
2025-03-17 14:46:53,398,stormtrooper,empire,1,8,7,1,Tund
2025-03-17 14:46:52,399,at-st,empire,7,6,10,5,Iktotch
2025-03-17 14:46:51,400,tie_silencer,resistance,4,8,8,6,Tholoth
2025-03-17 14:46:50,401,resistance_soldier,resistance,8,4,1,10,Iridonia
2025-03-17 14:46:49,402,resistance_soldier,resistance,8,5,7,5,Umbara
2025-03-17 14:46:48,403,tie_silencer,empire,3,10,1,3,Dagobah
2025-03-17 14:46:47,404,tie_silencer,resistance,5,8,9,10,Mirial
2025-03-17 14:46:46,405,resistance_soldier,empire,9,9,7,1,Tatooine
2025-03-17 14:46:45,406,x-wing,resistance,10,8,8,7,Eriadu
2025-03-17 14:46:44,407,tie_fighter,resistance,1,5,1,3,Zolan
2025-03-17 14:46:43,408,at-at,empire,7,6,3,3,Dagobah
2025-03-17 14:46:42,409,tie_silencer,empire,9,2,6,4,Quermia
2025-03-17 14:46:41,410,resistance_soldier,resistance,6,7,7,6,Iridonia
2025-03-17 14:46:40,411,unknown,empire,2,4,1,4,Glee Anselm
2025-03-17 14:46:39,412,at-at,resistance,7,2,10,3,Stewjon
2025-03-17 14:46:38,413,resistance_soldier,empire,1,4,8,4,Mirial
2025-03-17 14:46:37,414,x-wing,empire,4,9,8,6,Corellia
2025-03-17 14:46:36,415,tie_fighter,empire,2,7,3,5,Stewjon
2025-03-17 14:46:35,416,at-st,resistance,1,4,3,8,Sullust
2025-03-17 14:46:34,417,unknown,resistance,4,10,2,5,Ryloth
2025-03-17 14:46:33,418,tie_fighter,empire,8,9,8,6,Dagobah
2025-03-17 14:46:32,419,at-at,resistance,4,10,10,7,Dathomir
2025-03-17 14:46:31,420,tie_fighter,resistance,5,4,7,2,Kashyyyk
2025-03-17 14:46:30,421,at-st,empire,4,3,3,3,Malastare
2025-03-17 14:46:29,422,at-st,empire,1,7,6,4,Troiken
2025-03-17 14:46:28,423,stormtrooper,empire,4,6,10,10,Trandosha
2025-03-17 14:46:27,424,tie_fighter,resistance,9,4,9,1,Mirial
2025-03-17 14:46:26,425,at-at,empire,1,10,9,3,Dagobah
2025-03-17 14:46:25,426,resistance_soldier,resistance,6,7,9,7,Trandosha
2025-03-17 14:46:24,427,unknown,empire,3,5,10,3,Corellia
2025-03-17 14:46:23,428,at-st,resistance,3,5,3,5,Aleen Minor
2025-03-17 14:46:22,429,tie_fighter,resistance,9,2,5,1,Tholoth
2025-03-17 14:46:21,430,at-at,resistance,3,9,1,4,Iktotch
2025-03-17 14:46:20,431,at-st,empire,10,7,6,5,Serenno
2025-03-17 14:46:19,432,at-st,empire,4,10,5,3,Tholoth
2025-03-17 14:46:18,433,resistance_soldier,resistance,8,4,10,7,Mirial
2025-03-17 14:46:17,434,stormtrooper,empire,10,5,7,2,Eriadu
2025-03-17 14:46:16,435,at-at,empire,3,10,7,5,Ojom
2025-03-17 14:46:15,436,unknown,resistance,5,2,10,7,Umbara
2025-03-17 14:46:14,437,resistance_soldier,empire,10,10,2,3,Dathomir
2025-03-17 14:46:13,438,stormtrooper,empire,5,8,2,10,Naboo
2025-03-17 14:46:12,439,at-at,empire,5,9,2,7,Ojom
2025-03-17 14:46:11,440,at-at,resistance,3,9,7,2,Iktotch
2025-03-17 14:46:10,441,at-st,empire,6,5,1,9,Dathomir
2025-03-17 14:46:09,442,tie_silencer,resistance,10,6,6,6,Malastare
2025-03-17 14:46:08,443,at-at,empire,2,7,1,2,Shili
2025-03-17 14:46:07,444,stormtrooper,resistance,3,10,2,6,Socorro
2025-03-17 14:46:06,445,unknown,resistance,8,6,6,5,Skako
2025-03-17 14:46:05,446,tie_silencer,resistance,6,2,5,5,Kashyyyk
2025-03-17 14:46:04,447,tie_silencer,empire,10,2,1,4,Stewjon
2025-03-17 14:46:03,448,at-at,resistance,3,6,8,6,Socorro
2025-03-17 14:46:02,449,resistance_soldier,resistance,4,2,3,2,Eriadu
2025-03-17 14:46:01,450,at-at,resistance,6,10,1,4,Naboo
2025-03-17 14:46:00,451,resistance_soldier,empire,5,2,3,10,Muunilinst
2025-03-17 14:45:59,452,tie_silencer,resistance,1,5,2,4,Eriadu
2025-03-17 14:45:58,453,at-st,resistance,7,1,3,4,Chandrila
2025-03-17 14:45:57,454,stormtrooper,resistance,3,9,2,9,Mirial
2025-03-17 14:45:56,455,stormtrooper,empire,5,8,1,2,Dorin
2025-03-17 14:45:55,456,at-at,empire,6,2,9,2,Tholoth
2025-03-17 14:45:54,457,tie_silencer,empire,2,8,2,8,Toydaria
2025-03-17 14:45:53,458,stormtrooper,resistance,1,3,3,4,Kalee
2025-03-17 14:45:52,459,x-wing,empire,4,4,10,9,Mirial
2025-03-17 14:45:51,460,unknown,resistance,6,3,8,2,Alderaan
2025-03-17 14:45:50,461,x-wing,empire,10,9,10,9,Naboo
2025-03-17 14:45:49,462,at-st,resistance,8,8,6,1,Champala
2025-03-17 14:45:48,463,tie_fighter,empire,1,3,7,2,Serenno
2025-03-17 14:45:47,464,tie_fighter,resistance,10,7,3,4,Ojom
2025-03-17 14:45:46,465,unknown,empire,5,10,9,7,Serenno
2025-03-17 14:45:45,466,x-wing,empire,3,5,10,2,Skako
2025-03-17 14:45:44,467,resistance_soldier,empire,6,9,7,3,Champala
2025-03-17 14:45:43,468,resistance_soldier,resistance,8,4,6,8,Trandosha
2025-03-17 14:45:42,469,resistance_soldier,resistance,2,8,10,3,Naboo
2025-03-17 14:45:41,470,at-at,resistance,7,1,1,3,Tatooine
2025-03-17 14:45:40,471,at-st,empire,1,9,4,8,Malastare
2025-03-17 14:45:39,472,stormtrooper,empire,8,3,1,6,Kalee
2025-03-17 14:45:38,473,tie_silencer,resistance,3,5,5,6,Chandrila
2025-03-17 14:45:37,474,x-wing,empire,7,4,7,6,Kashyyyk
2025-03-17 14:45:36,475,tie_silencer,empire,10,8,2,3,Stewjon
2025-03-17 14:45:35,476,stormtrooper,empire,8,7,7,5,Skako
2025-03-17 14:45:34,477,tie_fighter,resistance,6,4,7,2,Champala
2025-03-17 14:45:33,478,at-at,resistance,7,5,3,6,Chandrila
2025-03-17 14:45:32,479,at-st,empire,9,6,10,3,Toydaria
2025-03-17 14:45:31,480,unknown,resistance,10,3,7,2,Troiken
2025-03-17 14:45:30,481,unknown,empire,8,1,2,2,Socorro
2025-03-17 14:45:29,482,x-wing,empire,5,7,4,8,Tatooine
2025-03-17 14:45:28,483,x-wing,resistance,1,1,9,8,Sullust
2025-03-17 14:45:27,484,unknown,empire,10,4,10,1,Vulpter
2025-03-17 14:45:26,485,x-wing,resistance,7,6,6,5,Iktotch
2025-03-17 14:45:25,486,resistance_soldier,empire,1,4,9,4,Vulpter
2025-03-17 14:45:24,487,at-st,empire,1,10,3,1,Iktotch
2025-03-17 14:45:23,488,unknown,resistance,5,2,6,4,Iktotch
2025-03-17 14:45:22,489,x-wing,resistance,3,4,10,4,Shili
2025-03-17 14:45:21,490,unknown,empire,2,5,1,1,Iridonia
2025-03-17 14:45:20,491,x-wing,resistance,5,3,4,10,Eriadu
2025-03-17 14:45:19,492,at-st,empire,3,2,10,3,Tatooine
2025-03-17 14:45:18,493,stormtrooper,resistance,9,9,4,8,Kalee
2025-03-17 14:45:17,494,x-wing,empire,5,9,5,10,Malastare
2025-03-17 14:45:16,495,x-wing,resistance,9,5,1,7,Vulpter
2025-03-17 14:45:15,496,tie_silencer,empire,4,9,4,4,Ojom
2025-03-17 14:45:14,497,resistance_soldier,resistance,2,2,3,9,Glee Anselm
2025-03-17 14:45:13,498,resistance_soldier,resistance,3,7,7,9,Haruun Kal
2025-03-17 14:45:12,499,x-wing,empire,6,7,10,7,Zolan
2025-03-17 14:45:11,500,x-wing,empire,3,7,1,8,Dagobah
2025-03-17 14:45:10,501,tie_fighter,resistance,4,7,10,6,Dathomir
2025-03-17 14:45:09,502,tie_silencer,resistance,9,2,3,4,Shili
2025-03-17 14:45:08,503,tie_fighter,resistance,5,8,3,1,Aleen Minor
2025-03-17 14:45:07,504,at-st,empire,2,10,6,8,Vulpter
2025-03-17 14:45:06,505,unknown,resistance,3,3,4,3,Sullust
2025-03-17 14:45:05,506,stormtrooper,resistance,7,7,9,5,Vulpter
2025-03-17 14:45:04,507,at-at,resistance,4,10,6,3,Troiken
2025-03-17 14:45:03,508,at-st,resistance,5,2,10,6,Socorro
2025-03-17 14:45:02,509,tie_fighter,resistance,8,3,8,5,Troiken
2025-03-17 14:45:01,510,at-st,resistance,8,2,5,1,Champala
2025-03-17 14:45:00,511,stormtrooper,empire,1,10,10,2,Rodia
2025-03-17 14:44:59,512,unknown,empire,2,4,2,9,Aleen Minor
2025-03-17 14:44:58,513,at-st,resistance,3,1,4,2,Kalee
2025-03-17 14:44:57,514,tie_fighter,resistance,10,4,1,9,Sullust
2025-03-17 14:44:56,515,tie_fighter,empire,2,2,1,5,Ojom
2025-03-17 14:44:55,516,tie_silencer,empire,9,9,5,4,Tatooine
2025-03-17 14:44:54,517,stormtrooper,empire,9,7,4,10,Dorin
2025-03-17 14:44:53,518,at-at,empire,5,7,9,3,Concord Dawn
2025-03-17 14:44:52,519,at-st,empire,7,6,1,6,Mirial
2025-03-17 14:44:51,520,at-at,resistance,5,10,7,10,Iktotch
2025-03-17 14:44:50,521,tie_fighter,resistance,3,8,8,9,Bestine IV
2025-03-17 14:44:49,522,unknown,empire,9,1,4,6,Malastare
2025-03-17 14:44:48,523,tie_silencer,resistance,10,1,1,4,Tatooine
2025-03-17 14:44:47,524,at-at,empire,4,8,4,4,Vulpter
2025-03-17 14:44:46,525,stormtrooper,empire,4,6,7,6,Chandrila
2025-03-17 14:44:45,526,resistance_soldier,resistance,10,6,9,8,Aleen Minor
2025-03-17 14:44:44,527,at-at,resistance,1,6,7,4,Socorro
2025-03-17 14:44:43,528,tie_silencer,empire,7,3,6,8,Eriadu
2025-03-17 14:44:42,529,resistance_soldier,empire,9,6,3,3,Naboo
2025-03-17 14:44:41,530,at-st,resistance,3,7,3,6,Sullust
2025-03-17 14:44:40,531,resistance_soldier,empire,8,2,5,10,Corellia
2025-03-17 14:44:39,532,at-st,resistance,4,5,6,7,Ryloth
2025-03-17 14:44:38,533,at-st,empire,7,6,1,2,Cerea
2025-03-17 14:44:37,534,at-at,resistance,4,6,2,3,Iridonia
2025-03-17 14:44:36,535,stormtrooper,resistance,1,10,8,7,Rodia
2025-03-17 14:44:35,536,unknown,empire,2,7,2,6,Quermia
2025-03-17 14:44:34,537,x-wing,empire,8,4,4,6,Shili
2025-03-17 14:44:33,538,x-wing,empire,6,4,3,1,Vulpter
2025-03-17 14:44:32,539,tie_silencer,empire,7,4,9,4,Bestine IV
2025-03-17 14:44:31,540,x-wing,resistance,5,7,2,1,Chandrila
2025-03-17 14:44:30,541,tie_silencer,resistance,7,7,2,7,Eriadu
2025-03-17 14:44:29,542,at-at,empire,5,1,2,3,Mirial
2025-03-17 14:44:28,543,unknown,empire,7,8,6,5,Trandosha
2025-03-17 14:44:27,544,tie_silencer,empire,2,10,8,4,Dorin
2025-03-17 14:44:26,545,stormtrooper,resistance,2,4,4,7,Cerea
2025-03-17 14:44:25,546,tie_fighter,empire,10,3,10,1,Iktotch
2025-03-17 14:44:24,547,at-at,resistance,2,8,6,1,Zolan
2025-03-17 14:44:23,548,tie_silencer,empire,9,3,1,4,Serenno
2025-03-17 14:44:22,549,tie_fighter,empire,10,2,6,7,Corellia
2025-03-17 14:44:21,550,x-wing,empire,4,4,4,5,Eriadu
2025-03-17 14:44:20,551,stormtrooper,empire,3,5,9,10,Shili
2025-03-17 14:44:19,552,resistance_soldier,empire,9,7,3,3,Haruun Kal
2025-03-17 14:44:18,553,tie_silencer,resistance,5,7,10,9,Mirial
2025-03-17 14:44:17,554,stormtrooper,empire,5,7,9,2,Stewjon
2025-03-17 14:44:16,555,at-at,resistance,5,10,6,9,Tatooine
2025-03-17 14:44:15,556,tie_fighter,empire,4,4,3,9,Malastare
2025-03-17 14:44:14,557,resistance_soldier,empire,6,7,9,5,Zolan
2025-03-17 14:44:13,558,at-st,resistance,7,5,1,4,Bestine IV
2025-03-17 14:44:12,559,stormtrooper,empire,10,1,8,9,Glee Anselm
2025-03-17 14:44:11,560,at-st,resistance,8,2,9,4,Umbara
2025-03-17 14:44:10,561,at-at,empire,9,6,1,8,Tund
2025-03-17 14:44:09,562,stormtrooper,empire,10,10,5,2,Vulpter
2025-03-17 14:44:08,563,x-wing,resistance,7,4,1,3,Alderaan
2025-03-17 14:44:07,564,at-at,empire,10,8,2,10,Rodia
2025-03-17 14:44:06,565,at-st,resistance,4,6,4,10,Troiken
2025-03-17 14:44:05,566,unknown,empire,7,8,9,4,Stewjon
2025-03-17 14:44:04,567,tie_silencer,resistance,8,2,5,5,Skako
2025-03-17 14:44:03,568,tie_fighter,empire,9,6,2,7,Chandrila
2025-03-17 14:44:02,569,stormtrooper,resistance,3,1,4,3,Sullust
2025-03-17 14:44:01,570,x-wing,empire,6,1,4,6,Stewjon
2025-03-17 14:44:00,571,x-wing,resistance,1,8,10,3,Muunilinst
2025-03-17 14:43:59,572,at-st,resistance,1,1,5,7,Mon Cala
2025-03-17 14:43:58,573,tie_fighter,empire,5,2,1,1,Dagobah
2025-03-17 14:43:57,574,tie_silencer,empire,7,8,2,3,Malastare
2025-03-17 14:43:56,575,x-wing,resistance,10,10,7,10,Dathomir
2025-03-17 14:43:55,576,tie_fighter,resistance,3,8,4,6,Shili
2025-03-17 14:43:54,577,x-wing,empire,7,10,6,1,Rodia
2025-03-17 14:43:53,578,at-st,empire,7,3,9,10,Toydaria
2025-03-17 14:43:52,579,at-at,empire,6,8,10,5,Dorin
2025-03-17 14:43:51,580,unknown,resistance,6,10,8,1,Cerea
2025-03-17 14:43:50,581,tie_fighter,empire,3,10,2,1,Skako
2025-03-17 14:43:49,582,resistance_soldier,resistance,6,2,1,6,Kashyyyk
2025-03-17 14:43:48,583,stormtrooper,empire,5,3,10,9,Umbara
2025-03-17 14:43:47,584,at-st,empire,9,9,7,10,Trandosha
2025-03-17 14:43:46,585,tie_silencer,resistance,8,3,2,4,Troiken
2025-03-17 14:43:45,586,stormtrooper,resistance,9,4,9,10,Tholoth
2025-03-17 14:43:44,587,stormtrooper,resistance,4,6,7,3,Socorro
2025-03-17 14:43:43,588,unknown,empire,5,6,9,9,Corellia
2025-03-17 14:43:42,589,at-st,resistance,5,9,7,1,Champala
2025-03-17 14:43:41,590,resistance_soldier,resistance,7,9,8,3,Muunilinst
2025-03-17 14:43:40,591,at-st,resistance,9,9,4,10,Cerea
2025-03-17 14:43:39,592,tie_fighter,resistance,1,5,6,2,Cerea
2025-03-17 14:43:38,593,tie_silencer,empire,7,2,10,1,Serenno
2025-03-17 14:43:37,594,stormtrooper,empire,2,8,5,5,Corellia
2025-03-17 14:43:36,595,tie_silencer,empire,3,9,3,3,Skako
2025-03-17 14:43:35,596,x-wing,empire,5,6,6,6,Stewjon
2025-03-17 14:43:34,597,resistance_soldier,empire,2,2,3,9,Cerea
2025-03-17 14:43:33,598,tie_silencer,resistance,2,6,5,3,Troiken
2025-03-17 14:43:32,599,at-at,empire,8,8,7,2,Eriadu
2025-03-17 14:43:31,600,tie_fighter,empire,5,10,6,7,Tund
2025-03-17 14:43:30,601,stormtrooper,empire,6,5,8,9,Tholoth
2025-03-17 14:43:29,602,tie_silencer,empire,3,3,8,6,Tatooine
2025-03-17 14:43:28,603,at-st,resistance,4,9,4,8,Serenno
2025-03-17 14:43:27,604,tie_silencer,empire,9,8,10,7,Iktotch
2025-03-17 14:43:26,605,resistance_soldier,empire,4,1,5,5,Rodia
2025-03-17 14:43:25,606,resistance_soldier,empire,3,5,10,4,Bestine IV
2025-03-17 14:43:24,607,resistance_soldier,resistance,1,7,1,1,Zolan
2025-03-17 14:43:23,608,tie_fighter,empire,2,3,9,4,Muunilinst
2025-03-17 14:43:22,609,at-st,resistance,9,2,1,6,Eriadu
2025-03-17 14:43:21,610,tie_silencer,resistance,8,2,3,1,Dathomir
2025-03-17 14:43:20,611,tie_fighter,resistance,8,1,2,7,Trandosha
2025-03-17 14:43:19,612,resistance_soldier,empire,7,6,5,4,Trandosha
2025-03-17 14:43:18,613,at-st,resistance,6,5,8,5,Ryloth
2025-03-17 14:43:17,614,tie_silencer,resistance,7,4,4,7,Ryloth
2025-03-17 14:43:16,615,resistance_soldier,resistance,10,9,1,7,Eriadu
2025-03-17 14:43:15,616,stormtrooper,empire,3,4,7,4,Eriadu
2025-03-17 14:43:14,617,at-at,resistance,7,2,8,10,Glee Anselm
2025-03-17 14:43:13,618,at-st,empire,7,2,10,9,Skako
2025-03-17 14:43:12,619,resistance_soldier,empire,9,1,4,6,Tatooine
2025-03-17 14:43:11,620,x-wing,resistance,4,8,5,5,Quermia
2025-03-17 14:43:10,621,x-wing,empire,6,3,7,2,Trandosha
2025-03-17 14:43:09,622,tie_fighter,resistance,1,10,6,3,Kashyyyk
2025-03-17 14:43:08,623,x-wing,resistance,8,6,3,2,Chandrila
2025-03-17 14:43:07,624,stormtrooper,empire,1,10,8,3,Ojom
2025-03-17 14:43:06,625,resistance_soldier,resistance,1,5,10,5,Dorin
2025-03-17 14:43:05,626,tie_fighter,resistance,8,2,9,4,Stewjon
2025-03-17 14:43:04,627,at-at,resistance,2,3,10,5,Iktotch
2025-03-17 14:43:03,628,tie_fighter,resistance,4,6,1,2,Mirial
2025-03-17 14:43:02,629,at-at,empire,7,6,8,4,Vulpter
2025-03-17 14:43:01,630,tie_fighter,empire,4,9,9,7,Rodia
2025-03-17 14:43:00,631,tie_fighter,empire,5,2,4,1,Tund
2025-03-17 14:42:59,632,at-at,empire,6,6,3,1,Stewjon
2025-03-17 14:42:58,633,at-st,empire,1,5,8,10,Stewjon
2025-03-17 14:42:57,634,tie_fighter,empire,2,4,7,9,Concord Dawn
2025-03-17 14:42:56,635,at-st,resistance,2,10,1,6,Eriadu
2025-03-17 14:42:55,636,resistance_soldier,empire,9,1,4,2,Serenno
2025-03-17 14:42:54,637,x-wing,empire,9,9,5,1,Haruun Kal
2025-03-17 14:42:53,638,tie_fighter,empire,6,10,2,6,Tatooine
2025-03-17 14:42:52,639,tie_silencer,empire,4,9,3,10,Skako
2025-03-17 14:42:51,640,x-wing,resistance,5,3,9,10,Dathomir
2025-03-17 14:42:50,641,stormtrooper,resistance,8,1,2,7,Iktotch
2025-03-17 14:42:49,642,unknown,resistance,6,3,9,10,Aleen Minor
2025-03-17 14:42:48,643,unknown,empire,1,3,5,4,Ojom
2025-03-17 14:42:47,644,resistance_soldier,empire,6,2,9,1,Socorro
2025-03-17 14:42:46,645,tie_silencer,resistance,9,6,5,7,Mirial
2025-03-17 14:42:45,646,stormtrooper,empire,1,9,5,10,Concord Dawn
2025-03-17 14:42:44,647,tie_silencer,resistance,7,1,1,4,Kashyyyk
2025-03-17 14:42:43,648,tie_fighter,empire,3,8,9,2,Corellia
2025-03-17 14:42:42,649,x-wing,resistance,10,4,10,2,Tund
2025-03-17 14:42:41,650,stormtrooper,resistance,8,7,7,7,Dagobah
2025-03-17 14:42:40,651,tie_fighter,empire,8,10,8,6,Dorin
2025-03-17 14:42:39,652,at-at,empire,5,2,3,5,Dorin
2025-03-17 14:42:38,653,tie_fighter,empire,4,3,10,6,Skako
2025-03-17 14:42:37,654,unknown,resistance,2,10,5,10,Kashyyyk
2025-03-17 14:42:36,655,at-st,empire,9,4,4,1,Tund
2025-03-17 14:42:35,656,resistance_soldier,resistance,10,2,1,8,Haruun Kal
2025-03-17 14:42:34,657,unknown,empire,1,2,8,9,Muunilinst
2025-03-17 14:42:33,658,at-at,empire,5,8,6,7,Tund
2025-03-17 14:42:32,659,unknown,resistance,7,8,2,3,Rodia
2025-03-17 14:42:31,660,tie_silencer,resistance,2,10,8,8,Umbara
2025-03-17 14:42:30,661,unknown,resistance,10,4,4,5,Iktotch
2025-03-17 14:42:29,662,resistance_soldier,empire,2,4,5,3,Concord Dawn
2025-03-17 14:42:28,663,tie_silencer,resistance,7,9,10,3,Dathomir
2025-03-17 14:42:27,664,unknown,resistance,6,7,10,2,Mon Cala
2025-03-17 14:42:26,665,stormtrooper,resistance,7,5,9,1,Eriadu
2025-03-17 14:42:25,666,at-at,empire,6,9,9,6,Dathomir
2025-03-17 14:42:24,667,tie_silencer,empire,9,6,7,4,Tholoth
2025-03-17 14:42:23,668,unknown,resistance,3,10,9,7,Ryloth
2025-03-17 14:42:22,669,at-st,resistance,7,4,1,3,Rodia
2025-03-17 14:42:21,670,stormtrooper,empire,9,1,6,6,Champala
2025-03-17 14:42:20,671,tie_fighter,empire,2,10,8,1,Vulpter
2025-03-17 14:42:19,672,tie_silencer,resistance,6,1,8,1,Mirial
2025-03-17 14:42:18,673,at-st,empire,4,4,1,5,Vulpter
2025-03-17 14:42:17,674,at-at,resistance,9,2,9,8,Dorin
2025-03-17 14:42:16,675,at-at,empire,7,2,1,7,Champala
2025-03-17 14:42:15,676,stormtrooper,resistance,4,3,4,4,Mon Cala
2025-03-17 14:42:14,677,at-at,resistance,2,4,3,4,Quermia
2025-03-17 14:42:13,678,tie_silencer,resistance,1,2,2,8,Cerea
2025-03-17 14:42:12,679,resistance_soldier,resistance,5,1,5,5,Iridonia
2025-03-17 14:42:11,680,unknown,empire,9,7,6,6,Ojom
2025-03-17 14:42:10,681,resistance_soldier,empire,7,10,4,3,Corellia
2025-03-17 14:42:09,682,stormtrooper,empire,4,3,7,3,Rodia
2025-03-17 14:42:08,683,stormtrooper,resistance,5,4,5,3,Alderaan
2025-03-17 14:42:07,684,at-at,resistance,1,8,8,5,Kashyyyk
2025-03-17 14:42:06,685,tie_fighter,resistance,4,5,10,1,Troiken
2025-03-17 14:42:05,686,at-st,resistance,7,6,4,8,Mirial
2025-03-17 14:42:04,687,unknown,empire,2,10,6,4,Mirial
2025-03-17 14:42:03,688,tie_silencer,empire,3,6,9,5,Dorin
2025-03-17 14:42:02,689,tie_silencer,resistance,3,9,2,4,Bestine IV
2025-03-17 14:42:01,690,tie_silencer,empire,2,8,8,3,Tholoth
2025-03-17 14:42:00,691,tie_fighter,resistance,3,10,1,5,Eriadu
2025-03-17 14:41:59,692,tie_silencer,empire,5,4,4,9,Zolan
2025-03-17 14:41:58,693,stormtrooper,resistance,7,7,2,1,Iktotch
2025-03-17 14:41:57,694,tie_fighter,empire,6,2,1,9,Dagobah
2025-03-17 14:41:56,695,at-st,empire,1,5,7,2,Rodia
2025-03-17 14:41:55,696,stormtrooper,empire,5,6,8,6,Ojom
2025-03-17 14:41:54,697,stormtrooper,resistance,9,3,3,4,Sullust
2025-03-17 14:41:53,698,unknown,empire,5,8,7,10,Ryloth
2025-03-17 14:41:52,699,at-st,resistance,7,3,1,2,Shili
2025-03-17 14:41:51,700,tie_fighter,empire,10,1,10,5,Eriadu
2025-03-17 14:41:50,701,unknown,resistance,6,8,5,1,Dathomir
2025-03-17 14:41:49,702,at-at,resistance,7,9,7,3,Mon Cala
2025-03-17 14:41:48,703,x-wing,resistance,1,4,7,3,Cerea
2025-03-17 14:41:47,704,tie_fighter,empire,6,3,5,6,Glee Anselm
2025-03-17 14:41:46,705,tie_silencer,resistance,10,7,2,6,Chandrila
2025-03-17 14:41:45,706,resistance_soldier,resistance,3,4,7,1,Glee Anselm
2025-03-17 14:41:44,707,tie_silencer,resistance,10,6,9,1,Iridonia
2025-03-17 14:41:43,708,unknown,resistance,1,4,9,6,Shili
2025-03-17 14:41:42,709,tie_silencer,empire,4,10,1,10,Tholoth
2025-03-17 14:41:41,710,x-wing,resistance,2,2,4,10,Haruun Kal
2025-03-17 14:41:40,711,stormtrooper,empire,7,7,4,1,Vulpter
2025-03-17 14:41:39,712,at-st,resistance,8,2,8,7,Troiken
2025-03-17 14:41:38,713,resistance_soldier,empire,6,1,2,9,Ojom
2025-03-17 14:41:37,714,at-st,resistance,10,3,4,9,Champala
2025-03-17 14:41:36,715,tie_silencer,empire,1,9,5,1,Serenno
2025-03-17 14:41:35,716,stormtrooper,resistance,7,3,7,4,Quermia
2025-03-17 14:41:34,717,at-at,empire,6,2,10,6,Tund
2025-03-17 14:41:33,718,tie_silencer,resistance,8,2,8,10,Sullust
2025-03-17 14:41:32,719,tie_fighter,empire,9,10,1,6,Mirial
2025-03-17 14:41:31,720,x-wing,resistance,3,1,3,10,Glee Anselm
2025-03-17 14:41:30,721,resistance_soldier,resistance,10,1,4,1,Mirial
2025-03-17 14:41:29,722,tie_fighter,empire,10,10,9,8,Haruun Kal
2025-03-17 14:41:28,723,resistance_soldier,empire,6,3,9,8,Corellia
2025-03-17 14:41:27,724,tie_silencer,resistance,7,1,3,10,Kalee
2025-03-17 14:41:26,725,stormtrooper,empire,9,6,4,9,Bestine IV
2025-03-17 14:41:25,726,tie_silencer,resistance,8,3,6,7,Champala
2025-03-17 14:41:24,727,resistance_soldier,empire,3,1,10,1,Cerea
2025-03-17 14:41:23,728,tie_silencer,empire,4,5,8,5,Troiken
2025-03-17 14:41:22,729,tie_fighter,empire,1,4,2,10,Mirial
2025-03-17 14:41:21,730,stormtrooper,resistance,1,4,7,1,Zolan
2025-03-17 14:41:20,731,tie_silencer,resistance,1,4,8,8,Dathomir
2025-03-17 14:41:19,732,at-st,resistance,9,7,10,8,Concord Dawn
2025-03-17 14:41:18,733,x-wing,empire,7,4,9,9,Vulpter
2025-03-17 14:41:17,734,resistance_soldier,resistance,9,2,3,9,Ojom
2025-03-17 14:41:16,735,x-wing,resistance,3,4,2,8,Aleen Minor
2025-03-17 14:41:15,736,at-at,empire,10,8,3,8,Trandosha
2025-03-17 14:41:14,737,tie_silencer,resistance,5,7,6,10,Chandrila
2025-03-17 14:41:13,738,tie_fighter,empire,4,7,2,8,Stewjon
2025-03-17 14:41:12,739,stormtrooper,empire,3,6,5,1,Trandosha
2025-03-17 14:41:11,740,tie_silencer,resistance,9,1,4,5,Ryloth
2025-03-17 14:41:10,741,resistance_soldier,resistance,6,4,4,2,Trandosha
2025-03-17 14:41:09,742,at-at,resistance,10,5,3,8,Iridonia
2025-03-17 14:41:08,743,tie_silencer,resistance,1,6,1,8,Eriadu
2025-03-17 14:41:07,744,tie_silencer,resistance,10,10,1,3,Cerea
2025-03-17 14:41:06,745,tie_silencer,empire,3,4,2,4,Vulpter
2025-03-17 14:41:05,746,resistance_soldier,empire,6,10,9,2,Troiken
2025-03-17 14:41:04,747,tie_silencer,resistance,8,3,7,9,Mirial
2025-03-17 14:41:03,748,x-wing,empire,5,5,5,1,Quermia
2025-03-17 14:41:02,749,tie_silencer,resistance,3,4,9,9,Haruun Kal
2025-03-17 14:41:01,750,at-at,resistance,10,6,2,6,Shili
2025-03-17 14:41:00,751,stormtrooper,resistance,8,8,10,5,Iridonia
2025-03-17 14:40:59,752,stormtrooper,empire,2,9,4,5,Dorin
2025-03-17 14:40:58,753,at-at,empire,3,6,8,1,Muunilinst
2025-03-17 14:40:57,754,stormtrooper,resistance,10,7,7,7,Glee Anselm
2025-03-17 14:40:56,755,stormtrooper,empire,5,5,7,3,Serenno
2025-03-17 14:40:55,756,at-at,resistance,9,7,5,1,Concord Dawn
2025-03-17 14:40:54,757,resistance_soldier,empire,5,8,7,1,Tholoth
2025-03-17 14:40:53,758,at-st,empire,1,3,9,3,Kalee
2025-03-17 14:40:52,759,stormtrooper,empire,10,9,7,1,Aleen Minor
2025-03-17 14:40:51,760,x-wing,resistance,3,5,5,6,Champala
2025-03-17 14:40:50,761,tie_fighter,empire,9,4,1,7,Dorin
2025-03-17 14:40:49,762,at-at,empire,3,4,10,8,Serenno
2025-03-17 14:40:48,763,stormtrooper,empire,1,1,1,7,Champala
2025-03-17 14:40:47,764,at-at,resistance,9,5,5,8,Bestine IV
2025-03-17 14:40:46,765,unknown,resistance,4,7,1,2,Sullust
2025-03-17 14:40:45,766,x-wing,resistance,8,6,4,2,Dathomir
2025-03-17 14:40:44,767,at-at,empire,8,8,4,9,Eriadu
2025-03-17 14:40:43,768,unknown,empire,5,3,3,9,Umbara
2025-03-17 14:40:42,769,tie_silencer,resistance,6,9,1,6,Socorro
2025-03-17 14:40:41,770,stormtrooper,resistance,7,7,10,1,Naboo
2025-03-17 14:40:40,771,x-wing,resistance,4,9,6,4,Iridonia
2025-03-17 14:40:39,772,x-wing,empire,3,7,8,4,Kalee
2025-03-17 14:40:38,773,tie_silencer,resistance,7,1,9,4,Iktotch
2025-03-17 14:40:37,774,unknown,empire,6,4,9,10,Zolan
2025-03-17 14:40:36,775,tie_silencer,empire,4,7,5,2,Concord Dawn
2025-03-17 14:40:35,776,x-wing,empire,3,2,7,1,Mirial
2025-03-17 14:40:34,777,stormtrooper,resistance,1,1,1,8,Glee Anselm
2025-03-17 14:40:33,778,resistance_soldier,empire,7,2,9,5,Naboo
2025-03-17 14:40:32,779,stormtrooper,resistance,2,8,10,8,Kashyyyk
2025-03-17 14:40:31,780,at-st,empire,5,10,8,9,Toydaria
2025-03-17 14:40:30,781,stormtrooper,resistance,3,6,8,6,Zolan
2025-03-17 14:40:29,782,at-st,resistance,2,7,9,1,Zolan
2025-03-17 14:40:28,783,tie_silencer,resistance,9,3,5,6,Sullust
2025-03-17 14:40:27,784,at-at,empire,4,8,3,8,Kalee
2025-03-17 14:40:26,785,tie_fighter,resistance,6,5,8,4,Iktotch
2025-03-17 14:40:25,786,at-st,empire,5,3,4,4,Dagobah
2025-03-17 14:40:24,787,unknown,empire,2,2,2,4,Serenno
2025-03-17 14:40:23,788,at-st,resistance,9,3,7,10,Naboo
2025-03-17 14:40:22,789,resistance_soldier,empire,6,9,5,3,Aleen Minor
2025-03-17 14:40:21,790,x-wing,resistance,3,6,1,7,Dagobah
2025-03-17 14:40:20,791,resistance_soldier,empire,6,3,5,4,Tund
2025-03-17 14:40:19,792,tie_silencer,empire,3,3,9,8,Dagobah
2025-03-17 14:40:18,793,resistance_soldier,empire,6,10,10,2,Umbara
2025-03-17 14:40:17,794,stormtrooper,resistance,9,1,4,9,Alderaan
2025-03-17 14:40:16,795,at-st,resistance,1,10,1,3,Cerea
2025-03-17 14:40:15,796,at-st,empire,1,9,2,10,Iktotch
2025-03-17 14:40:14,797,x-wing,resistance,8,7,6,4,Troiken
2025-03-17 14:40:13,798,at-at,empire,7,6,5,2,Kashyyyk
2025-03-17 14:40:12,799,x-wing,empire,5,5,10,1,Concord Dawn
2025-03-17 14:40:11,800,x-wing,resistance,5,3,9,1,Mon Cala
2025-03-17 14:40:10,801,stormtrooper,empire,3,8,8,6,Tund
2025-03-17 14:40:09,802,at-st,resistance,3,10,1,2,Umbara
2025-03-17 14:40:08,803,at-at,resistance,10,1,4,1,Vulpter
2025-03-17 14:40:07,804,at-st,empire,10,3,4,3,Vulpter
2025-03-17 14:40:06,805,tie_fighter,resistance,4,4,2,4,Bestine IV
2025-03-17 14:40:05,806,stormtrooper,resistance,2,9,2,3,Ryloth
2025-03-17 14:40:04,807,resistance_soldier,resistance,5,7,7,9,Umbara
2025-03-17 14:40:03,808,at-st,empire,6,9,9,6,Corellia
2025-03-17 14:40:02,809,tie_silencer,empire,6,3,9,7,Toydaria
2025-03-17 14:40:01,810,at-st,resistance,2,5,6,6,Glee Anselm
2025-03-17 14:40:00,811,at-at,resistance,1,6,2,7,Shili
2025-03-17 14:39:59,812,unknown,resistance,6,8,7,7,Mon Cala
2025-03-17 14:39:58,813,tie_silencer,resistance,6,9,2,10,Quermia
2025-03-17 14:39:57,814,tie_silencer,empire,5,4,4,4,Concord Dawn
2025-03-17 14:39:56,815,resistance_soldier,resistance,8,4,6,5,Tholoth
2025-03-17 14:39:55,816,tie_fighter,empire,9,3,9,6,Muunilinst
2025-03-17 14:39:54,817,at-at,empire,5,7,4,4,Tund
2025-03-17 14:39:53,818,at-at,empire,9,8,2,1,Serenno
2025-03-17 14:39:52,819,x-wing,empire,2,8,6,5,Mirial
2025-03-17 14:39:51,820,unknown,empire,2,6,8,3,Dagobah
2025-03-17 14:39:50,821,tie_silencer,resistance,5,9,7,7,Iridonia
2025-03-17 14:39:49,822,unknown,empire,9,6,8,5,Dagobah
2025-03-17 14:39:48,823,at-at,resistance,4,5,6,1,Chandrila
2025-03-17 14:39:47,824,resistance_soldier,resistance,5,5,4,4,Dathomir
2025-03-17 14:39:46,825,at-at,empire,5,5,6,10,Ojom
2025-03-17 14:39:45,826,unknown,empire,9,1,5,5,Quermia
2025-03-17 14:39:44,827,resistance_soldier,empire,4,1,2,7,Ryloth
2025-03-17 14:39:43,828,tie_fighter,empire,4,2,1,7,Corellia
2025-03-17 14:39:42,829,resistance_soldier,empire,4,6,4,6,Tund
2025-03-17 14:39:41,830,x-wing,resistance,10,3,4,7,Vulpter
2025-03-17 14:39:40,831,tie_fighter,empire,1,6,5,1,Shili
2025-03-17 14:39:39,832,resistance_soldier,empire,9,10,5,1,Muunilinst
2025-03-17 14:39:38,833,stormtrooper,empire,3,3,3,2,Tholoth
2025-03-17 14:39:37,834,tie_silencer,empire,2,7,5,10,Zolan
2025-03-17 14:39:36,835,x-wing,empire,6,2,8,1,Chandrila
2025-03-17 14:39:35,836,at-st,resistance,6,1,2,6,Socorro
2025-03-17 14:39:34,837,x-wing,empire,6,1,5,6,Skako
2025-03-17 14:39:33,838,tie_silencer,resistance,5,10,1,8,Iktotch
2025-03-17 14:39:32,839,stormtrooper,resistance,1,9,2,3,Dathomir
2025-03-17 14:39:31,840,tie_fighter,empire,4,2,2,8,Stewjon
2025-03-17 14:39:30,841,x-wing,resistance,5,5,10,1,Zolan
2025-03-17 14:39:29,842,stormtrooper,empire,6,5,10,8,Kalee
2025-03-17 14:39:28,843,resistance_soldier,resistance,9,2,5,10,Haruun Kal
2025-03-17 14:39:27,844,at-st,empire,6,5,1,7,Skako
2025-03-17 14:39:26,845,resistance_soldier,resistance,8,7,6,5,Sullust
2025-03-17 14:39:25,846,tie_fighter,resistance,10,10,9,10,Cerea
2025-03-17 14:39:24,847,x-wing,resistance,10,6,2,7,Haruun Kal
2025-03-17 14:39:23,848,x-wing,empire,4,10,6,3,Rodia
2025-03-17 14:39:22,849,tie_fighter,empire,10,9,10,7,Dagobah
2025-03-17 14:39:21,850,unknown,resistance,7,3,1,6,Tatooine
2025-03-17 14:39:20,851,resistance_soldier,resistance,10,8,7,10,Sullust
2025-03-17 14:39:19,852,unknown,empire,1,8,10,8,Naboo
2025-03-17 14:39:18,853,tie_fighter,resistance,5,5,4,9,Bestine IV
2025-03-17 14:39:17,854,unknown,resistance,3,2,5,8,Champala
2025-03-17 14:39:16,855,unknown,resistance,9,6,9,3,Ryloth
2025-03-17 14:39:15,856,tie_fighter,empire,2,10,3,10,Umbara
2025-03-17 14:39:14,857,x-wing,empire,7,2,5,8,Champala
2025-03-17 14:39:13,858,at-at,empire,5,9,6,6,Quermia
2025-03-17 14:39:12,859,tie_fighter,empire,6,8,10,8,Aleen Minor
2025-03-17 14:39:11,860,tie_silencer,resistance,5,4,4,4,Glee Anselm
2025-03-17 14:39:10,861,stormtrooper,empire,1,8,9,9,Rodia
2025-03-17 14:39:09,862,resistance_soldier,resistance,4,3,9,9,Serenno
2025-03-17 14:39:08,863,x-wing,resistance,2,8,8,8,Sullust
2025-03-17 14:39:07,864,at-at,empire,5,8,8,9,Rodia
2025-03-17 14:39:06,865,x-wing,empire,7,1,1,6,Tholoth
2025-03-17 14:39:05,866,resistance_soldier,empire,10,1,3,8,Toydaria
2025-03-17 14:39:04,867,resistance_soldier,empire,6,1,7,4,Mon Cala
2025-03-17 14:39:03,868,at-st,empire,6,2,8,8,Dorin
2025-03-17 14:39:02,869,at-st,empire,10,5,9,8,Bestine IV
2025-03-17 14:39:01,870,stormtrooper,empire,10,1,6,5,Concord Dawn
2025-03-17 14:39:00,871,stormtrooper,empire,10,5,8,1,Malastare
2025-03-17 14:38:59,872,stormtrooper,empire,6,6,8,10,Concord Dawn
2025-03-17 14:38:58,873,unknown,empire,10,5,10,3,Champala
2025-03-17 14:38:57,874,tie_fighter,resistance,3,3,9,2,Haruun Kal
2025-03-17 14:38:56,875,stormtrooper,empire,2,2,4,4,Troiken
2025-03-17 14:38:55,876,tie_fighter,resistance,4,1,7,4,Trandosha
2025-03-17 14:38:54,877,stormtrooper,resistance,1,8,8,3,Kashyyyk
2025-03-17 14:38:53,878,tie_fighter,empire,8,9,6,8,Rodia
2025-03-17 14:38:52,879,resistance_soldier,empire,1,7,10,3,Rodia
2025-03-17 14:38:51,880,tie_fighter,empire,7,5,1,6,Corellia
2025-03-17 14:38:50,881,at-st,empire,10,8,7,3,Tund
2025-03-17 14:38:49,882,tie_fighter,resistance,8,2,3,9,Iktotch
2025-03-17 14:38:48,883,resistance_soldier,empire,5,8,10,1,Umbara
2025-03-17 14:38:47,884,tie_silencer,empire,8,5,9,2,Ojom
2025-03-17 14:38:46,885,tie_fighter,empire,8,7,5,10,Dorin
2025-03-17 14:38:45,886,at-at,resistance,6,4,3,1,Cerea
2025-03-17 14:38:44,887,x-wing,resistance,1,6,1,6,Iktotch
2025-03-17 14:38:43,888,tie_silencer,empire,2,10,5,3,Tatooine
2025-03-17 14:38:42,889,tie_fighter,empire,1,3,6,7,Dagobah
2025-03-17 14:38:41,890,at-at,empire,5,6,1,5,Socorro
2025-03-17 14:38:40,891,at-at,empire,4,7,2,6,Mon Cala
2025-03-17 14:38:39,892,tie_silencer,empire,2,5,2,5,Mirial
2025-03-17 14:38:38,893,at-at,empire,3,7,9,5,Toydaria
2025-03-17 14:38:37,894,tie_silencer,resistance,10,8,1,4,Mon Cala
2025-03-17 14:38:36,895,x-wing,resistance,9,3,4,7,Aleen Minor
2025-03-17 14:38:35,896,tie_silencer,empire,10,5,4,8,Dorin
2025-03-17 14:38:34,897,tie_silencer,empire,7,10,3,3,Haruun Kal
2025-03-17 14:38:33,898,x-wing,resistance,5,5,3,7,Alderaan
2025-03-17 14:38:32,899,unknown,resistance,1,6,10,4,Shili
2025-03-17 14:38:31,900,tie_silencer,resistance,6,1,4,4,Champala
2025-03-17 14:38:30,901,at-st,resistance,6,10,1,9,Shili
2025-03-17 14:38:29,902,tie_silencer,empire,10,6,5,1,Dorin
2025-03-17 14:38:28,903,at-at,resistance,10,2,9,2,Iktotch
2025-03-17 14:38:27,904,x-wing,resistance,9,6,10,8,Toydaria
2025-03-17 14:38:26,905,resistance_soldier,empire,10,5,7,8,Tatooine
2025-03-17 14:38:25,906,at-at,empire,6,6,9,1,Vulpter
2025-03-17 14:38:24,907,x-wing,empire,2,3,8,6,Shili
2025-03-17 14:38:23,908,at-st,resistance,1,8,2,10,Tatooine
2025-03-17 14:38:22,909,tie_silencer,resistance,5,1,2,9,Haruun Kal
2025-03-17 14:38:21,910,tie_silencer,resistance,7,7,3,8,Dathomir
2025-03-17 14:38:20,911,at-st,resistance,3,10,4,1,Naboo
2025-03-17 14:38:19,912,resistance_soldier,resistance,1,7,5,10,Champala
2025-03-17 14:38:18,913,resistance_soldier,empire,2,1,1,9,Dagobah
2025-03-17 14:38:17,914,at-at,resistance,8,3,3,10,Quermia
2025-03-17 14:38:16,915,at-at,empire,9,8,10,7,Bestine IV
2025-03-17 14:38:15,916,resistance_soldier,resistance,3,2,2,4,Tatooine
2025-03-17 14:38:14,917,at-at,empire,2,7,3,1,Chandrila
2025-03-17 14:38:13,918,unknown,resistance,4,6,3,1,Kashyyyk
2025-03-17 14:38:12,919,tie_fighter,empire,10,7,10,7,Glee Anselm
2025-03-17 14:38:11,920,tie_fighter,resistance,10,2,10,7,Sullust
2025-03-17 14:38:10,921,x-wing,resistance,10,4,10,6,Vulpter
2025-03-17 14:38:09,922,at-at,resistance,3,9,3,5,Bestine IV
2025-03-17 14:38:08,923,x-wing,resistance,7,9,7,4,Haruun Kal
2025-03-17 14:38:07,924,at-st,empire,4,6,3,8,Tund
2025-03-17 14:38:06,925,x-wing,resistance,7,4,7,1,Corellia
2025-03-17 14:38:05,926,resistance_soldier,resistance,9,4,6,5,Kashyyyk
2025-03-17 14:38:04,927,stormtrooper,empire,10,10,8,10,Concord Dawn
2025-03-17 14:38:03,928,resistance_soldier,empire,1,5,9,2,Muunilinst
2025-03-17 14:38:02,929,stormtrooper,empire,10,7,5,7,Tholoth
2025-03-17 14:38:01,930,tie_fighter,resistance,8,8,8,1,Chandrila
2025-03-17 14:38:00,931,at-at,empire,6,3,7,1,Concord Dawn
2025-03-17 14:37:59,932,resistance_soldier,resistance,7,9,6,5,Glee Anselm
2025-03-17 14:37:58,933,at-at,resistance,1,8,3,3,Quermia
2025-03-17 14:37:57,934,stormtrooper,empire,2,9,6,6,Skako
2025-03-17 14:37:56,935,x-wing,empire,9,2,2,6,Toydaria
2025-03-17 14:37:55,936,at-st,resistance,5,4,2,4,Cerea
2025-03-17 14:37:54,937,tie_fighter,resistance,5,2,3,5,Umbara
2025-03-17 14:37:53,938,stormtrooper,resistance,2,2,1,6,Dathomir
2025-03-17 14:37:52,939,stormtrooper,empire,7,3,7,5,Tatooine
2025-03-17 14:37:51,940,stormtrooper,resistance,9,10,7,2,Bestine IV
2025-03-17 14:37:50,941,tie_fighter,resistance,5,10,1,6,Trandosha
2025-03-17 14:37:49,942,tie_fighter,resistance,1,10,5,1,Ojom
2025-03-17 14:37:48,943,at-st,resistance,2,6,6,3,Sullust
2025-03-17 14:37:47,944,tie_silencer,empire,3,1,7,5,Muunilinst
2025-03-17 14:37:46,945,at-st,resistance,4,10,3,2,Umbara
2025-03-17 14:37:45,946,resistance_soldier,empire,2,10,9,4,Corellia
2025-03-17 14:37:44,947,resistance_soldier,empire,2,3,1,5,Skako
2025-03-17 14:37:43,948,stormtrooper,empire,8,10,8,1,Dagobah
2025-03-17 14:37:42,949,at-st,resistance,4,7,7,2,Socorro
2025-03-17 14:37:41,950,tie_fighter,empire,7,1,2,4,Trandosha
2025-03-17 14:37:40,951,unknown,resistance,5,8,2,10,Tholoth
2025-03-17 14:37:39,952,x-wing,resistance,1,6,6,9,Malastare
2025-03-17 14:37:38,953,tie_fighter,resistance,9,8,4,4,Tatooine
2025-03-17 14:37:37,954,tie_silencer,resistance,7,5,9,10,Cerea
2025-03-17 14:37:36,955,resistance_soldier,resistance,6,4,9,4,Bestine IV
2025-03-17 14:37:35,956,resistance_soldier,empire,4,5,9,10,Tholoth
2025-03-17 14:37:34,957,tie_silencer,resistance,1,8,7,2,Trandosha
2025-03-17 14:37:33,958,tie_silencer,resistance,10,8,10,6,Quermia
2025-03-17 14:37:32,959,x-wing,resistance,2,9,5,6,Mirial
2025-03-17 14:37:31,960,resistance_soldier,resistance,10,2,8,8,Haruun Kal
2025-03-17 14:37:30,961,resistance_soldier,resistance,9,3,3,4,Glee Anselm
2025-03-17 14:37:29,962,tie_fighter,empire,10,1,3,7,Muunilinst
2025-03-17 14:37:28,963,tie_fighter,empire,10,7,6,2,Zolan
2025-03-17 14:37:27,964,unknown,empire,8,6,6,2,Toydaria
2025-03-17 14:37:26,965,tie_fighter,resistance,8,3,2,2,Trandosha
2025-03-17 14:37:25,966,at-at,resistance,7,7,3,9,Mon Cala
2025-03-17 14:37:24,967,tie_silencer,empire,9,7,8,5,Stewjon
2025-03-17 14:37:23,968,at-st,resistance,6,3,9,2,Haruun Kal
2025-03-17 14:37:22,969,resistance_soldier,empire,9,6,3,6,Aleen Minor
2025-03-17 14:37:21,970,x-wing,resistance,6,9,4,6,Socorro
2025-03-17 14:37:20,971,at-at,resistance,6,6,2,6,Socorro
2025-03-17 14:37:19,972,unknown,empire,10,5,10,9,Rodia
2025-03-17 14:37:18,973,stormtrooper,empire,8,7,6,6,Shili
2025-03-17 14:37:17,974,unknown,empire,2,8,6,9,Dorin
2025-03-17 14:37:16,975,unknown,empire,1,10,1,2,Vulpter
2025-03-17 14:37:15,976,tie_fighter,resistance,1,3,5,5,Kalee
2025-03-17 14:37:14,977,resistance_soldier,empire,5,8,1,6,Skako
2025-03-17 14:37:13,978,at-st,resistance,9,9,9,4,Tatooine
2025-03-17 14:37:12,979,resistance_soldier,empire,6,2,8,8,Ojom
2025-03-17 14:37:11,980,resistance_soldier,empire,5,10,6,5,Bestine IV
2025-03-17 14:37:10,981,tie_silencer,resistance,6,2,6,9,Mon Cala
2025-03-17 14:37:09,982,resistance_soldier,resistance,3,5,6,1,Tholoth
2025-03-17 14:37:08,983,tie_silencer,resistance,8,4,3,3,Champala
2025-03-17 14:37:07,984,tie_fighter,resistance,9,6,3,4,Chandrila
2025-03-17 14:37:06,985,unknown,resistance,8,10,6,10,Dagobah
2025-03-17 14:37:05,986,unknown,empire,8,8,3,7,Naboo
2025-03-17 14:37:04,987,stormtrooper,empire,3,9,8,8,Champala
2025-03-17 14:37:03,988,at-at,empire,3,3,5,1,Muunilinst
2025-03-17 14:37:02,989,stormtrooper,empire,5,4,6,5,Kalee
2025-03-17 14:37:01,990,stormtrooper,empire,1,7,7,5,Haruun Kal
2025-03-17 14:37:00,991,tie_fighter,empire,8,9,7,2,Serenno
2025-03-17 14:36:59,992,tie_fighter,empire,2,8,6,10,Aleen Minor
2025-03-17 14:36:58,993,x-wing,resistance,3,9,7,9,Ryloth
2025-03-17 14:36:57,994,unknown,empire,5,1,10,10,Toydaria
2025-03-17 14:36:56,995,resistance_soldier,resistance,3,10,6,5,Shili
2025-03-17 14:36:55,996,tie_fighter,empire,9,9,10,5,Muunilinst
2025-03-17 14:36:54,997,x-wing,resistance,2,4,3,9,Iridonia
2025-03-17 14:36:53,998,stormtrooper,resistance,7,6,10,9,Mon Cala
2025-03-17 14:36:52,999,at-at,empire,9,1,5,10,Concord Dawn
2025-03-17 14:36:51,1000,x-wing,resistance,10,8,4,8,Umbara
